{"assets/fonts/NimbusSans/NimbusSanL-Reg.otf":["assets/fonts/NimbusSans/NimbusSanL-Reg.otf"],"assets/img/add-image-placeholder.png":["assets/img/add-image-placeholder.png"],"assets/img/add_image.png":["assets/img/add_image.png"],"assets/img/address.png":["assets/img/address.png"],"assets/img/bag.png":["assets/img/bag.png"],"assets/img/burger1.png":["assets/img/burger1.png"],"assets/img/burger2.png":["assets/img/burger2.png"],"assets/img/delivery.png":["assets/img/delivery.png"],"assets/img/delivery2.png":["assets/img/delivery2.png"],"assets/img/empresa.json":["assets/img/empresa.json"],"assets/img/google_maps.png":["assets/img/google_maps.png"],"assets/img/hamburguesa.png":["assets/img/hamburguesa.png"],"assets/img/home.png":["assets/img/home.png"],"assets/img/logo_app.png":["assets/img/logo_app.png"],"assets/img/menu.png":["assets/img/menu.png"],"assets/img/my_location.png":["assets/img/my_location.png"],"assets/img/no-image.jpg":["assets/img/no-image.jpg"],"assets/img/no-image.png":["assets/img/no-image.png"],"assets/img/no_items.png":["assets/img/no_items.png"],"assets/img/pizza.png":["assets/img/pizza.png"],"assets/img/pizza2.png":["assets/img/pizza2.png"],"assets/img/products/relojes/H6.png":["assets/img/products/relojes/H6.png"],"assets/img/products/relojes/reloj.png":["assets/img/products/relojes/reloj.png"],"assets/img/products/relojes/relojH9.png":["assets/img/products/relojes/relojH9.png"],"assets/img/profile.jpg":["assets/img/profile.jpg"],"assets/img/taxi_icon.png":["assets/img/taxi_icon.png"],"assets/img/user_profile.png":["assets/img/user_profile.png"],"assets/img/user_profile_2.png":["assets/img/user_profile_2.png"],"assets/img/waze.png":["assets/img/waze.png"],"assets/json/delivery.json":["assets/json/delivery.json"],"assets/json/logo.json":["assets/json/logo.json"],"assets/json/logo_simple.json":["assets/json/logo_simple.json"],"packages/cupertino_icons/assets/CupertinoIcons.ttf":["packages/cupertino_icons/assets/CupertinoIcons.ttf"],"packages/fluttertoast/assets/toastify.css":["packages/fluttertoast/assets/toastify.css"],"packages/fluttertoast/assets/toastify.js":["packages/fluttertoast/assets/toastify.js"]}